{
        "a": [
            {
                "charge": 1,
                "intensity": 100,
                "mz": 157.133,
                "mzth": 157.13353961189497,
                "size": 2
            }
        ],
        "b": [
            {
                "charge": 1,
                "intensity": 42,
                "mz": 185.128,
                "mzth": 185.12845423145498,
                "size": 2
            },
            {
                "charge": 1,
                "intensity": 3,
                "mz": 256.165,
                "mzth": 256.16556801702,
                "size": 3
            }
        ]
}
